date,polymer_family,producer,price,grade_count,price_type,notes,source
2025-07-01,HDPE,HMEL,98.72,484,producer_direct,HMEL_HDPE_2025-07-01.pdf,plastemart
2025-07-01,HDPE,IOCL,96.26,496,producer_direct,IOCL_LLDPE_2025-07-01.pdf,plastemart
2025-07-01,HDPE,OPAL,98.39,363,producer_direct,OPAL_HDPE_2025-07-01.pdf,plastemart
2025-07-01,HDPE,RIL,96.21,7580,producer_direct,RIL_PE_2025-07-01.xlsx,plastemart
2025-07-01,LDPE,RIL,113.83,6225,producer_direct,RIL_PE_2025-07-01.xlsx,plastemart
2025-07-01,LLDPE,HMEL,106.09,325,producer_direct,HMEL_LLDPE_2025-07-01.pdf,plastemart
2025-07-01,LLDPE,IOCL,101.6,744,producer_direct,IOCL_LLDPE_2025-07-01.pdf,plastemart
2025-07-01,LLDPE,OPAL,103.5,209,producer_direct,OPAL_HDPE_2025-07-01.pdf,plastemart
2025-07-01,LLDPE,RIL,103.41,9600,producer_direct,RIL_PE_2025-07-01.xlsx,plastemart
2025-07-01,PP,HMEL,106.18,606,producer_direct,HMEL_PP_2025-07-01.pdf,plastemart
2025-07-01,PP,IOCL,105.96,1054,producer_direct,IOCL_LLDPE_2025-07-01.pdf,plastemart
2025-07-01,PP,RIL,103.66,24000,producer_direct,RIL_PP_2025-07-01.xlsx,plastemart
2025-07-01,PVC,RIL,76.35,10579,producer_direct,RIL_PVC_2025-07-01.xlsx,plastemart
2025-07-10,HDPE,HMEL,100.36,484,producer_direct,HMEL_HDPE_2025-07-10.pdf,plastemart
2025-07-10,HDPE,IOCL,97.75,496,producer_direct,IOCL_LLDPE_2025-07-10.pdf,plastemart
2025-07-10,HDPE,OPAL,99.96,363,producer_direct,OPAL_HDPE_2025-07-10.pdf,plastemart
2025-07-10,HDPE,RIL,97.66,7581,producer_direct,RIL_PE_2025-07-10.xlsx,plastemart
2025-07-10,LDPE,RIL,114.64,6225,producer_direct,RIL_PE_2025-07-10.xlsx,plastemart
2025-07-10,LLDPE,HMEL,106.09,325,producer_direct,HMEL_LLDPE_2025-07-10.pdf,plastemart
2025-07-10,LLDPE,IOCL,102.1,744,producer_direct,IOCL_LLDPE_2025-07-10.pdf,plastemart
2025-07-10,LLDPE,OPAL,103.5,209,producer_direct,OPAL_HDPE_2025-07-10.pdf,plastemart
2025-07-10,LLDPE,RIL,103.42,9600,producer_direct,RIL_PE_2025-07-10.xlsx,plastemart
2025-07-10,PP,IOCL,105.96,1054,producer_direct,IOCL_LLDPE_2025-07-10.pdf,plastemart
2025-08-01,HDPE,OPAL,99.13,362,producer_direct,OPAL_HDPE_2025-08-01.pdf,plastemart
2025-08-01,HDPE,RIL,97.63,7581,producer_direct,RIL_PE_2025-08-01.xlsx,plastemart
2025-08-01,LDPE,RIL,114.6,6225,producer_direct,RIL_PE_2025-08-01.xlsx,plastemart
2025-08-01,LLDPE,OPAL,104.92,210,producer_direct,OPAL_HDPE_2025-08-01.pdf,plastemart
2025-08-01,LLDPE,RIL,103.38,9600,producer_direct,RIL_PE_2025-08-01.xlsx,plastemart
2025-08-01,PP,HMEL,105.58,608,producer_direct,HMEL_PP_2025-08-01.pdf,plastemart
2025-08-01,PP,RIL,102.14,24150,producer_direct,RIL_PP_2025-08-01.xlsx,plastemart
2025-08-01,PVC,RIL,76.25,10579,producer_direct,RIL_PVC_2025-08-01.xlsx,plastemart
2025-08-17,HDPE,RIL,97.63,7581,producer_direct,RIL_PE_2025-08-17.xlsx,plastemart
2025-08-17,LDPE,RIL,114.6,6225,producer_direct,RIL_PE_2025-08-17.xlsx,plastemart
2025-08-17,LLDPE,RIL,103.38,9600,producer_direct,RIL_PE_2025-08-17.xlsx,plastemart
2025-08-17,PP,RIL,102.14,24150,producer_direct,RIL_PP_2025-08-17.xlsx,plastemart
2025-08-21,HDPE,IOCL,97.64,496,producer_direct,IOCL_LLDPE_2025-08-21.pdf,plastemart
2025-08-21,HDPE,OPAL,99.13,362,producer_direct,OPAL_HDPE_2025-08-21.pdf,plastemart
2025-08-21,LLDPE,IOCL,101.6,744,producer_direct,IOCL_LLDPE_2025-08-21.pdf,plastemart
2025-08-21,LLDPE,OPAL,104.92,210,producer_direct,OPAL_HDPE_2025-08-21.pdf,plastemart
2025-08-21,PP,HMEL,103.24,607,producer_direct,HMEL_PP_2025-08-21.pdf,plastemart
2025-08-21,PP,IOCL,102.96,1054,producer_direct,IOCL_LLDPE_2025-08-21.pdf,plastemart
2025-08-21,PP,RIL,100.66,24150,producer_direct,RIL_PP_2025-08-21.xlsx,plastemart
2025-08-21,PVC,RIL,78.22,10581,producer_direct,RIL_PVC_2025-08-21.xlsx,plastemart
2025-09-01,HDPE,HMEL,100.24,484,producer_direct,HMEL_HDPE_2025-09-01.pdf,plastemart
2025-09-01,HDPE,IOCL,97.63,496,producer_direct,IOCL_LLDPE_2025-09-01.pdf,plastemart
2025-09-01,HDPE,OPAL,99.96,363,producer_direct,OPAL_HDPE_2025-09-01.pdf,plastemart
2025-09-01,HDPE,RIL,97.63,7581,producer_direct,RIL_PE_2025-09-01.xlsx,plastemart
2025-09-01,LDPE,RIL,112.72,6225,producer_direct,RIL_PE_2025-09-01.xlsx,plastemart
2025-09-01,LLDPE,HMEL,106.02,325,producer_direct,HMEL_LLDPE_2025-09-01.pdf,plastemart
2025-09-01,LLDPE,IOCL,101.16,744,producer_direct,IOCL_LLDPE_2025-09-01.pdf,plastemart
2025-09-01,LLDPE,OPAL,103.5,209,producer_direct,OPAL_HDPE_2025-09-01.pdf,plastemart
2025-09-01,LLDPE,RIL,103.38,9600,producer_direct,RIL_PE_2025-09-01.xlsx,plastemart
2025-09-01,PP,HMEL,102.57,642,producer_direct,HMEL_PP_2025-09-01.pdf,plastemart
2025-09-01,PP,IOCL,101.95,1054,producer_direct,IOCL_LLDPE_2025-09-01.pdf,plastemart
2025-09-01,PP,RIL,99.67,24150,producer_direct,RIL_PP_2025-09-01.xlsx,plastemart
2025-09-01,PVC,RIL,79.71,10581,producer_direct,RIL_PVC_2025-09-01.xlsx,plastemart
2025-09-05,HDPE,HMEL,100.35,485,producer_direct,HMEL_HDPE_2025-09-05.pdf,plastemart
2025-09-05,HDPE,IOCL,97.63,496,producer_direct,IOCL_LLDPE_2025-09-05.pdf,plastemart
2025-09-05,LLDPE,HMEL,106.18,325,producer_direct,HMEL_LLDPE_2025-09-05.pdf,plastemart
2025-09-05,LLDPE,IOCL,100.5,744,producer_direct,IOCL_LLDPE_2025-09-05.pdf,plastemart
2025-09-05,PP,IOCL,97.95,1054,producer_direct,IOCL_LLDPE_2025-09-05.pdf,plastemart
2025-09-06,PP,HMEL,98.39,642,producer_direct,HMEL_PP_2025-09-06.pdf,plastemart
2025-09-06,PP,RIL,95.7,24150,producer_direct,RIL_PP_2025-09-06.xlsx,plastemart
2025-09-14,HDPE,IOCL,96.63,496,producer_direct,IOCL_LLDPE_2025-09-14.pdf,plastemart
2025-09-14,HDPE,RIL,96.62,7580,producer_direct,RIL_PE_2025-09-14.xlsx,plastemart
2025-09-14,LDPE,RIL,112.72,6225,producer_direct,RIL_PE_2025-09-14.xlsx,plastemart
2025-09-14,LLDPE,HMEL,104.22,325,producer_direct,HMEL_LLDPE_2025-09-14.pdf,plastemart
2025-09-14,LLDPE,IOCL,99.12,744,producer_direct,IOCL_LLDPE_2025-09-14.pdf,plastemart
2025-09-14,LLDPE,RIL,101.4,9600,producer_direct,RIL_PE_2025-09-14.xlsx,plastemart
2025-09-14,PP,IOCL,97.95,1054,producer_direct,IOCL_LLDPE_2025-09-14.pdf,plastemart
2025-09-16,HDPE,IOCL,96.63,496,producer_direct,IOCL_LLDPE_2025-09-16.pdf,plastemart
2025-09-16,LLDPE,IOCL,99.13,744,producer_direct,IOCL_LLDPE_2025-09-16.pdf,plastemart
2025-09-16,PP,IOCL,97.94,1054,producer_direct,IOCL_LLDPE_2025-09-16.pdf,plastemart
2025-10-01,HDPE,HMEL,98.36,485,producer_direct,HMEL_HDPE_2025-10-01.pdf,plastemart
2025-10-01,HDPE,IOCL,95.63,496,producer_direct,IOCL_LLDPE_2025-10-01.pdf,plastemart
2025-10-01,HDPE,OPAL,97.04,381,producer_direct,OPAL_HDPE_2025-10-01.pdf,plastemart
2025-10-01,HDPE,RIL,95.44,7580,producer_direct,RIL_PE_2025-10-01.xlsx,plastemart
2025-10-01,LDPE,RIL,110.65,6225,producer_direct,RIL_PE_2025-10-01.xlsx,plastemart
2025-10-01,LLDPE,HMEL,103.3,325,producer_direct,HMEL_LLDPE_2025-10-01.pdf,plastemart
2025-10-01,LLDPE,IOCL,98.04,744,producer_direct,IOCL_LLDPE_2025-10-01.pdf,plastemart
2025-10-01,LLDPE,OPAL,101.8,221,producer_direct,OPAL_HDPE_2025-10-01.pdf,plastemart
2025-10-01,LLDPE,RIL,100.21,9600,producer_direct,RIL_PE_2025-10-01.xlsx,plastemart
2025-10-01,PP,HMEL,96.89,642,producer_direct,HMEL_PP_2025-10-01.pdf,plastemart
2025-10-01,PP,IOCL,96.44,1054,producer_direct,IOCL_LLDPE_2025-10-01.pdf,plastemart
2025-10-01,PP,RIL,94.05,24150,producer_direct,RIL_PP_2025-10-01.xlsx,plastemart
2025-10-01,PVC,RIL,76.65,10580,producer_direct,RIL_PVC_2025-10-01.xlsx,plastemart
2025-10-09,HDPE,IOCL,95.63,496,producer_direct,IOCL_LLDPE_2025-10-09.pdf,plastemart
2025-10-09,LLDPE,IOCL,97.88,744,producer_direct,IOCL_LLDPE_2025-10-09.pdf,plastemart
2025-10-09,PP,HMEL,95.58,642,producer_direct,HMEL_PP_2025-10-09.pdf,plastemart
2025-10-09,PP,IOCL,95.18,1054,producer_direct,IOCL_LLDPE_2025-10-09.pdf,plastemart
2025-10-09,PP,RIL,92.92,24300,producer_direct,RIL_PP_2025-10-09.xlsx,plastemart
2025-11-01,HDPE,HMEL,98.36,485,producer_direct,HMEL_HDPE_2025-11-01.pdf,plastemart
2025-11-01,LLDPE,HMEL,102.11,325,producer_direct,HMEL_LLDPE_2025-11-01.pdf,plastemart
2025-11-01,PP,RIL,92.92,24300,producer_direct,RIL_PP_2025-11-01.xlsx,plastemart
2025-11-05,HDPE,HMEL,96.84,485,producer_direct,HMEL_HDPE_2025-11-05.pdf,plastemart
2025-11-05,HDPE,IOCL,93.95,496,producer_direct,IOCL_LLDPE_2025-11-05.pdf,plastemart
2025-11-05,HDPE,OPAL,95.55,381,producer_direct,OPAL_HDPE_2025-11-05.pdf,plastemart
2025-11-05,LLDPE,HMEL,100.78,325,producer_direct,HMEL_LLDPE_2025-11-05.pdf,plastemart
2025-11-05,LLDPE,IOCL,96.21,744,producer_direct,IOCL_LLDPE_2025-11-05.pdf,plastemart
2025-11-05,LLDPE,OPAL,100.31,221,producer_direct,OPAL_HDPE_2025-11-05.pdf,plastemart
2025-11-05,PP,HMEL,94.59,642,producer_direct,HMEL_PP_2025-11-05.pdf,plastemart
2025-11-05,PP,IOCL,94.18,1054,producer_direct,IOCL_LLDPE_2025-11-05.pdf,plastemart
2025-11-05,PP,RIL,91.93,24300,producer_direct,RIL_PP_2025-11-05.xlsx,plastemart
2025-11-15,HDPE,RIL,93.95,7580,producer_direct,RIL_PE_2025-11-15.xlsx,plastemart
2025-11-15,LDPE,RIL,108.65,6225,producer_direct,RIL_PE_2025-11-15.xlsx,plastemart
2025-11-15,LLDPE,RIL,98.71,9600,producer_direct,RIL_PE_2025-11-15.xlsx,plastemart
2025-11-15,PP,RIL,91.93,24300,producer_direct,RIL_PP_2025-11-15.xlsx,plastemart
2025-11-15,PVC,RIL,73.68,10578,producer_direct,RIL_PVC_2025-11-15.xlsx,plastemart
2025-12-01,HDPE,RIL,93.95,7580,producer_direct,RIL_PE_2025-12-01.xlsx,plastemart
2025-12-01,LDPE,RIL,108.65,6225,producer_direct,RIL_PE_2025-12-01.xlsx,plastemart
2025-12-01,LLDPE,RIL,98.71,9600,producer_direct,RIL_PE_2025-12-01.xlsx,plastemart
2025-12-01,PVC,RIL,69.72,10576,producer_direct,RIL_PVC_2025-12-01.xlsx,plastemart
2025-12-04,HDPE,HMEL,95.85,484,producer_direct,HMEL_HDPE_2025-12-04.pdf,plastemart
2025-12-04,HDPE,IOCL,92.92,496,producer_direct,IOCL_LLDPE_2025-12-04.pdf,plastemart
2025-12-04,HDPE,OPAL,94.55,381,producer_direct,OPAL_HDPE_2025-12-04.pdf,plastemart
2025-12-04,HDPE,RIL,92.96,7580,producer_direct,RIL_PE_2025-12-04.xlsx,plastemart
2025-12-04,LDPE,RIL,107.72,6225,producer_direct,RIL_PE_2025-12-04.xlsx,plastemart
2025-12-04,LLDPE,HMEL,99.5,325,producer_direct,HMEL_LLDPE_2025-12-04.pdf,plastemart
2025-12-04,LLDPE,IOCL,95.34,744,producer_direct,IOCL_LLDPE_2025-12-04.pdf,plastemart
2025-12-04,LLDPE,OPAL,99.31,221,producer_direct,OPAL_HDPE_2025-12-04.pdf,plastemart
2025-12-04,LLDPE,RIL,97.72,9600,producer_direct,RIL_PE_2025-12-04.xlsx,plastemart
2025-12-04,PP,IOCL,94.14,1054,producer_direct,IOCL_LLDPE_2025-12-04.pdf,plastemart
2025-12-15,HDPE,IOCL,92.92,496,producer_direct,IOCL_LLDPE_2025-12-15.pdf,plastemart
2025-12-15,HDPE,RIL,92.99,7575,producer_direct,RIL_PE_2025-12-15.xlsx,plastemart
2025-12-15,LDPE,RIL,107.72,6225,producer_direct,RIL_PE_2025-12-15.xlsx,plastemart
2025-12-15,LLDPE,IOCL,95.42,744,producer_direct,IOCL_LLDPE_2025-12-15.pdf,plastemart
2025-12-15,LLDPE,RIL,97.72,9600,producer_direct,RIL_PE_2025-12-15.xlsx,plastemart
2025-12-15,PP,HMEL,95.09,642,producer_direct,HMEL_PP_2025-12-15.pdf,plastemart
2025-12-15,PP,IOCL,94.64,1054,producer_direct,IOCL_LLDPE_2025-12-15.pdf,plastemart
2025-12-15,PP,RIL,92.45,24450,producer_direct,RIL_PP_2025-12-15.xlsx,plastemart
2025-12-18,HDPE,HMEL,96.84,485,producer_direct,HMEL_HDPE_2025-12-18.pdf,plastemart
2025-12-18,HDPE,IOCL,93.92,496,producer_direct,IOCL_LLDPE_2025-12-18.pdf,plastemart
2025-12-18,HDPE,OPAL,95.55,381,producer_direct,OPAL_HDPE_2025-12-18.pdf,plastemart
2025-12-18,HDPE,RIL,93.98,7575,producer_direct,RIL_PE_2025-12-18.xlsx,plastemart
2025-12-18,LDPE,RIL,108.65,6225,producer_direct,RIL_PE_2025-12-18.xlsx,plastemart
2025-12-18,LLDPE,HMEL,99.55,433,producer_direct,HMEL_LLDPE_2025-12-18.pdf,plastemart
2025-12-18,LLDPE,IOCL,96.26,744,producer_direct,IOCL_LLDPE_2025-12-18.pdf,plastemart
2025-12-18,LLDPE,OPAL,100.31,221,producer_direct,OPAL_HDPE_2025-12-18.pdf,plastemart
2025-12-18,LLDPE,RIL,98.71,9600,producer_direct,RIL_PE_2025-12-18.xlsx,plastemart
2025-12-18,PP,IOCL,94.64,1054,producer_direct,IOCL_LLDPE_2025-12-18.pdf,plastemart
2026-01-01,HDPE,HMEL,96.09,642,producer_direct,HMEL_HDPE_2026-01-01.pdf,plastemart
2026-01-01,HDPE,IOCL,95.13,496,producer_direct,IOCL_LLDPE_2026-01-01.pdf,plastemart
2026-01-01,HDPE,OPAL,97.6,362,producer_direct,OPAL_HDPE_2026-01-01.pdf,plastemart
2026-01-01,HDPE,RIL,95.18,7575,producer_direct,RIL_PE_2026-01-01.xlsx,plastemart
2026-01-01,LDPE,RIL,108.65,6225,producer_direct,RIL_PE_2026-01-01.xlsx,plastemart
2026-01-01,LLDPE,HMEL,100.59,433,producer_direct,HMEL_LLDPE_2026-01-01.pdf,plastemart
2026-01-01,LLDPE,IOCL,97.26,744,producer_direct,IOCL_LLDPE_2026-01-01.pdf,plastemart
2026-01-01,LLDPE,OPAL,98.95,220,producer_direct,OPAL_HDPE_2026-01-01.pdf,plastemart
2026-01-01,LLDPE,RIL,99.71,9600,producer_direct,RIL_PE_2026-01-01.xlsx,plastemart
2026-01-01,PP,HMEL,96.09,642,producer_direct,HMEL_PP_2026-01-01.pdf,plastemart
2026-01-01,PP,IOCL,95.64,1054,producer_direct,IOCL_LLDPE_2026-01-01.pdf,plastemart
2026-01-01,PP,RIL,93.46,24450,producer_direct,RIL_PP_2026-01-01.xlsx,plastemart
2026-01-07,HDPE,IOCL,95.13,496,producer_direct,IOCL_LLDPE_2026-01-07.pdf,plastemart
2026-01-07,LLDPE,IOCL,97.25,744,producer_direct,IOCL_LLDPE_2026-01-07.pdf,plastemart
2026-01-07,PP,IOCL,95.63,1054,producer_direct,IOCL_LLDPE_2026-01-07.pdf,plastemart
2026-01-12,HDPE,HMEL,98.96,485,producer_direct,HMEL_HDPE_2026-01-12.pdf,plastemart
2026-01-12,HDPE,IOCL,96.12,496,producer_direct,IOCL_LLDPE_2026-01-12.pdf,plastemart
2026-01-12,HDPE,OPAL,97.96,381,producer_direct,OPAL_HDPE_2026-01-12.pdf,plastemart
2026-01-12,HDPE,RIL,96.14,7580,producer_direct,RIL_PE_2026-01-12.xlsx,plastemart
2026-01-12,LDPE,RIL,108.71,6225,producer_direct,RIL_PE_2026-01-12.xlsx,plastemart
2026-01-12,LLDPE,HMEL,101.59,433,producer_direct,HMEL_LLDPE_2026-01-12.pdf,plastemart
2026-01-12,LLDPE,IOCL,98.25,744,producer_direct,IOCL_LLDPE_2026-01-12.pdf,plastemart
2026-01-12,LLDPE,OPAL,102.23,221,producer_direct,OPAL_HDPE_2026-01-12.pdf,plastemart
2026-01-12,LLDPE,RIL,100.7,9600,producer_direct,RIL_PE_2026-01-12.xlsx,plastemart
2026-01-12,PP,HMEL,97.09,642,producer_direct,HMEL_PP_2026-01-12.pdf,plastemart
2026-01-12,PP,IOCL,96.63,1054,producer_direct,IOCL_LLDPE_2026-01-12.pdf,plastemart
2026-01-12,PP,RIL,94.45,24450,producer_direct,RIL_PP_2026-01-12.xlsx,plastemart
2026-01-15,PVC,RIL,72.68,10578,producer_direct,RIL_PVC_2026-01-15.xlsx,plastemart
2026-01-16,PP,RIL,94.45,24450,producer_direct,RIL_PP_2026-01-16.xlsx,plastemart
2026-01-19,HDPE,HMEL,99.97,484,producer_direct,HMEL_HDPE_2026-01-19.pdf,plastemart
2026-01-19,HDPE,IOCL,97.12,496,producer_direct,IOCL_LLDPE_2026-01-19.pdf,plastemart
2026-01-19,HDPE,OPAL,98.96,381,producer_direct,OPAL_HDPE_2026-01-19.pdf,plastemart
2026-01-19,HDPE,RIL,97.15,7576,producer_direct,RIL_PE_2026-01-19.xlsx,plastemart
2026-01-19,LDPE,RIL,109.62,6225,producer_direct,RIL_PE_2026-01-19.xlsx,plastemart
2026-01-19,LLDPE,HMEL,102.51,433,producer_direct,HMEL_LLDPE_2026-01-19.pdf,plastemart
2026-01-19,LLDPE,IOCL,99.28,744,producer_direct,IOCL_LLDPE_2026-01-19.pdf,plastemart
2026-01-19,LLDPE,OPAL,103.23,221,producer_direct,OPAL_HDPE_2026-01-19.pdf,plastemart
2026-01-19,LLDPE,RIL,101.7,9600,producer_direct,RIL_PE_2026-01-19.xlsx,plastemart
2026-01-19,PP,HMEL,98.05,660,producer_direct,HMEL_PP_2026-01-19.pdf,plastemart
2026-01-19,PP,IOCL,97.66,1054,producer_direct,IOCL_LLDPE_2026-01-19.pdf,plastemart
2026-01-19,PP,RIL,95.51,24450,producer_direct,RIL_PP_2026-01-19.xlsx,plastemart
2026-01-24,HDPE,IOCL,97.12,496,producer_direct,IOCL_LLDPE_2026-01-24.pdf,plastemart
2026-01-24,LLDPE,IOCL,99.44,744,producer_direct,IOCL_LLDPE_2026-01-24.pdf,plastemart
2026-01-24,PP,IOCL,98.66,1054,producer_direct,IOCL_LLDPE_2026-01-24.pdf,plastemart
2026-01-24,PP,RIL,96.51,24450,producer_direct,RIL_PP_2026-01-24.xlsx,plastemart
2026-02-01,HDPE,HMEL,102.45,485,producer_direct,HMEL_HDPE_2026-02-01.pdf,plastemart
2026-02-01,HDPE,IOCL,99.62,496,producer_direct,IOCL_LLDPE_2026-02-01.pdf,plastemart
2026-02-01,HDPE,OPAL,101.46,381,producer_direct,OPAL_HDPE_2026-02-01.pdf,plastemart
2026-02-01,HDPE,RIL,99.62,7576,producer_direct,RIL_PE_2026-02-01.xlsx,plastemart
2026-02-01,LDPE,RIL,111.51,6225,producer_direct,RIL_PE_2026-02-01.xlsx,plastemart
2026-02-01,LLDPE,HMEL,104.91,433,producer_direct,HMEL_LLDPE_2026-02-01.pdf,plastemart
2026-02-01,LLDPE,IOCL,101.94,744,producer_direct,IOCL_LLDPE_2026-02-01.pdf,plastemart
2026-02-01,LLDPE,OPAL,105.71,221,producer_direct,OPAL_HDPE_2026-02-01.pdf,plastemart
2026-02-01,LLDPE,RIL,104.19,9600,producer_direct,RIL_PE_2026-02-01.xlsx,plastemart
2026-02-01,PP,HMEL,101.54,660,producer_direct,HMEL_PP_2026-02-01.pdf,plastemart
2026-02-01,PP,IOCL,101.16,1054,producer_direct,IOCL_LLDPE_2026-02-01.pdf,plastemart
2026-02-01,PP,RIL,98.99,24600,producer_direct,RIL_PP_2026-02-01.xlsx,plastemart
2026-02-01,PVC,RIL,76.64,10580,producer_direct,RIL_PVC_2026-02-01.xlsx,plastemart
2026-02-09,HDPE,HMEL,104.68,484,producer_direct,HMEL_HDPE_2026-02-09.pdf,plastemart
2026-02-09,HDPE,IOCL,101.68,496,producer_direct,IOCL_LLDPE_2026-02-09.pdf,plastemart
2026-02-09,HDPE,OPAL,104.23,382,producer_direct,OPAL_HDPE_2026-02-09.pdf,plastemart
2026-02-09,HDPE,RIL,101.67,7576,producer_direct,RIL_PE_2026-02-09.xlsx,plastemart
2026-02-09,LDPE,RIL,111.51,6225,producer_direct,RIL_PE_2026-02-09.xlsx,plastemart
2026-02-09,LLDPE,HMEL,106.85,433,producer_direct,HMEL_LLDPE_2026-02-09.pdf,plastemart
2026-02-09,LLDPE,IOCL,104.3,744,producer_direct,IOCL_LLDPE_2026-02-09.pdf,plastemart
2026-02-09,LLDPE,OPAL,106.88,220,producer_direct,OPAL_HDPE_2026-02-09.pdf,plastemart
2026-02-09,LLDPE,RIL,106.67,9600,producer_direct,RIL_PE_2026-02-09.xlsx,plastemart
2026-02-09,PP,HMEL,103.54,660,producer_direct,HMEL_PP_2026-02-09.pdf,plastemart
2026-02-09,PP,IOCL,103.16,1054,producer_direct,IOCL_LLDPE_2026-02-09.pdf,plastemart
2026-02-09,PP,RIL,100.97,24600,producer_direct,RIL_PP_2026-02-09.xlsx,plastemart
2026-02-11,PVC,RIL,78.13,10580,producer_direct,RIL_PVC_2026-02-11.xlsx,plastemart
2026-02-15,HDPE,RIL,101.67,7576,producer_direct,RIL_PE_2026-02-15.xlsx,plastemart
2026-02-15,LDPE,RIL,111.51,6225,producer_direct,RIL_PE_2026-02-15.xlsx,plastemart
2026-02-15,LLDPE,RIL,106.67,9600,producer_direct,RIL_PE_2026-02-15.xlsx,plastemart
2026-02-15,PP,RIL,100.97,24600,producer_direct,RIL_PP_2026-02-15.xlsx,plastemart
2026-03-01,HDPE,HMEL,107.15,485,producer_direct,HMEL_HDPE_2026-03-01.pdf,plastemart
2026-03-01,HDPE,IOCL,104.17,496,producer_direct,IOCL_LLDPE_2026-03-01.pdf,plastemart
2026-03-01,HDPE,OPAL,105.94,381,producer_direct,OPAL_HDPE_2026-03-01.pdf,plastemart
2026-03-01,HDPE,RIL,104.14,7577,producer_direct,RIL_PE_2026-03-01.xlsx,plastemart
2026-03-01,LDPE,RIL,112.43,6225,producer_direct,RIL_PE_2026-03-01.xlsx,plastemart
2026-03-01,LLDPE,HMEL,109.04,433,producer_direct,HMEL_LLDPE_2026-03-01.pdf,plastemart
2026-03-01,LLDPE,IOCL,106.66,744,producer_direct,IOCL_LLDPE_2026-03-01.pdf,plastemart
2026-03-01,LLDPE,OPAL,110.69,221,producer_direct,OPAL_HDPE_2026-03-01.pdf,plastemart
2026-03-01,LLDPE,RIL,109.16,9600,producer_direct,RIL_PE_2026-03-01.xlsx,plastemart
2026-03-01,PP,HMEL,105.54,660,producer_direct,HMEL_PP_2026-03-01.pdf,plastemart
2026-03-01,PP,IOCL,105.16,1054,producer_direct,IOCL_LLDPE_2026-03-01.pdf,plastemart
2026-03-01,PP,RIL,102.86,24600,producer_direct,RIL_PP_2026-03-01.xlsx,plastemart
2026-03-01,PVC,RIL,79.09,6756,producer_direct,RIL_PVC_2026-03-01.xlsx,plastemart
2026-03-03,HDPE,HMEL,113.14,485,producer_direct,HMEL_HDPE_2026-03-03.pdf,plastemart
2026-03-03,HDPE,IOCL,110.16,496,producer_direct,IOCL_LLDPE_2026-03-03.pdf,plastemart
2026-03-03,HDPE,OPAL,112.68,382,producer_direct,OPAL_HDPE_2026-03-03.pdf,plastemart
2026-03-03,HDPE,RIL,110.07,7577,producer_direct,RIL_PE_2026-03-03.xlsx,plastemart
2026-03-03,LDPE,RIL,119.04,6227,producer_direct,RIL_PE_2026-03-03.xlsx,plastemart
2026-03-03,LLDPE,HMEL,115.03,433,producer_direct,HMEL_LLDPE_2026-03-03.pdf,plastemart
2026-03-03,LLDPE,IOCL,112.66,744,producer_direct,IOCL_LLDPE_2026-03-03.pdf,plastemart
2026-03-03,LLDPE,OPAL,115.38,220,producer_direct,OPAL_HDPE_2026-03-03.pdf,plastemart
2026-03-03,LLDPE,RIL,115.13,9600,producer_direct,RIL_PE_2026-03-03.xlsx,plastemart
2026-03-03,PP,HMEL,111.53,660,producer_direct,HMEL_PP_2026-03-03.pdf,plastemart
2026-03-03,PP,IOCL,111.16,1054,producer_direct,IOCL_LLDPE_2026-03-03.pdf,plastemart
2026-03-03,PP,RIL,108.8,24600,producer_direct,RIL_PP_2026-03-03.xlsx,plastemart
2026-03-04,HDPE,RIL,110.07,7577,producer_direct,RIL_PE_2026-03-04.xlsx,plastemart
2026-03-04,LDPE,RIL,119.04,6227,producer_direct,RIL_PE_2026-03-04.xlsx,plastemart
2026-03-04,LLDPE,RIL,115.13,9600,producer_direct,RIL_PE_2026-03-04.xlsx,plastemart
2026-03-04,PVC,RIL,84.01,6759,producer_direct,RIL_PVC_2026-03-04.xlsx,plastemart
2026-03-06,HDPE,HMEL,128.11,485,producer_direct,HMEL_HDPE_2026-03-06.pdf,plastemart
2026-03-06,HDPE,IOCL,125.13,496,producer_direct,IOCL_LLDPE_2026-03-06.pdf,plastemart
2026-03-06,HDPE,OPAL,126.89,381,producer_direct,OPAL_HDPE_2026-03-06.pdf,plastemart
2026-03-06,HDPE,RIL,124.88,7579,producer_direct,RIL_PE_2026-03-06.xlsx,plastemart
2026-03-06,LDPE,RIL,135.6,6228,producer_direct,RIL_PE_2026-03-06.xlsx,plastemart
2026-03-06,LLDPE,HMEL,129.99,433,producer_direct,HMEL_LLDPE_2026-03-06.pdf,plastemart
2026-03-06,LLDPE,IOCL,127.66,744,producer_direct,IOCL_LLDPE_2026-03-06.pdf,plastemart
2026-03-06,LLDPE,OPAL,131.6,221,producer_direct,OPAL_HDPE_2026-03-06.pdf,plastemart
2026-03-06,LLDPE,RIL,130.06,9600,producer_direct,RIL_PE_2026-03-06.xlsx,plastemart
2026-03-06,PP,HMEL,126.5,660,producer_direct,HMEL_PP_2026-03-06.pdf,plastemart
2026-03-06,PP,IOCL,126.16,1054,producer_direct,IOCL_LLDPE_2026-03-06.pdf,plastemart
2026-03-06,PP,RIL,123.64,24603,producer_direct,RIL_PP_2026-03-06.xlsx,plastemart
2026-03-07,PVC,RIL,89.11,6854,producer_direct,RIL_PVC_2026-03-07.xlsx,plastemart
2026-03-08,HDPE,RIL,124.88,7579,producer_direct,RIL_PE_2026-03-08.xlsx,plastemart
2026-03-08,LDPE,RIL,135.6,6228,producer_direct,RIL_PE_2026-03-08.xlsx,plastemart
2026-03-08,LLDPE,RIL,130.06,9600,producer_direct,RIL_PE_2026-03-08.xlsx,plastemart
2026-03-08,PP,RIL,123.64,24603,producer_direct,RIL_PP_2026-03-08.xlsx,plastemart
2026-03-09,HDPE,IOCL,135.11,496,producer_direct,IOCL_LLDPE_2026-03-09.pdf,plastemart
2026-03-09,HDPE,OPAL,136.86,381,producer_direct,OPAL_HDPE_2026-03-09.pdf,plastemart
2026-03-09,LLDPE,IOCL,137.99,744,producer_direct,IOCL_LLDPE_2026-03-09.pdf,plastemart
2026-03-09,LLDPE,OPAL,141.55,221,producer_direct,OPAL_HDPE_2026-03-09.pdf,plastemart
2026-03-09,PP,IOCL,138.16,1054,producer_direct,IOCL_LLDPE_2026-03-09.pdf,plastemart
2026-03-10,HDPE,HMEL,143.09,484,producer_direct,HMEL_HDPE_2026-03-10.pdf,plastemart
2026-03-10,LLDPE,HMEL,144.96,433,producer_direct,HMEL_LLDPE_2026-03-10.pdf,plastemart
2026-03-10,PP,HMEL,146.47,660,producer_direct,HMEL_PP_2026-03-10.pdf,plastemart
2026-03-10,PVC,RIL,100.62,6975,producer_direct,RIL_PVC_2026-03-10.xlsx,plastemart
2026-03-11,HDPE,IOCL,147.84,496,producer_direct,IOCL_LLDPE_2026-03-11.pdf,plastemart
2026-03-11,HDPE,OPAL,150.01,382,producer_direct,OPAL_HDPE_2026-03-11.pdf,plastemart
2026-03-11,HDPE,RIL,145.55,7682,producer_direct,RIL_PE_2026-03-11.xlsx,plastemart
2026-03-11,LDPE,RIL,156.58,6228,producer_direct,RIL_PE_2026-03-11.xlsx,plastemart
2026-03-11,LLDPE,IOCL,149.49,744,producer_direct,IOCL_LLDPE_2026-03-11.pdf,plastemart
2026-03-11,LLDPE,OPAL,151.83,220,producer_direct,OPAL_HDPE_2026-03-11.pdf,plastemart
2026-03-11,LLDPE,RIL,152.83,9600,producer_direct,RIL_PE_2026-03-11.xlsx,plastemart
2026-03-11,PP,IOCL,149.16,1054,producer_direct,IOCL_LLDPE_2026-03-11.pdf,plastemart
2026-03-11,PP,RIL,146.11,24670,producer_direct,RIL_PP_2026-03-11.xlsx,plastemart
2026-03-15,HDPE,RIL,145.55,7682,producer_direct,RIL_PE_2026-03-15.xlsx,plastemart
2026-03-15,LDPE,RIL,156.58,6228,producer_direct,RIL_PE_2026-03-15.xlsx,plastemart
2026-03-15,LLDPE,RIL,152.83,9600,producer_direct,RIL_PE_2026-03-15.xlsx,plastemart
2026-03-15,PP,RIL,146.11,24670,producer_direct,RIL_PP_2026-03-15.xlsx,plastemart
2026-03-16,HDPE,HMEL,151.3,484,producer_direct,HMEL_HDPE_2026-03-16.pdf,plastemart
2026-03-16,LLDPE,HMEL,155.37,433,producer_direct,HMEL_LLDPE_2026-03-16.pdf,plastemart
2026-03-16,PP,HMEL,150.47,660,producer_direct,HMEL_PP_2026-03-16.pdf,plastemart
2026-03-16,PVC,RIL,106.41,6975,producer_direct,RIL_PVC_2026-03-16.xlsx,plastemart
2026-03-20,HDPE,OPAL,156.34,381,producer_direct,OPAL_HDPE_2026-03-20.pdf,plastemart
2026-03-20,LLDPE,OPAL,159.92,221,producer_direct,OPAL_HDPE_2026-03-20.pdf,plastemart
2026-03-25,HDPE,HMEL,157.28,485,producer_direct,HMEL_HDPE_2026-03-25.pdf,plastemart
2026-03-25,HDPE,IOCL,154.82,496,producer_direct,IOCL_LLDPE_2026-03-25.pdf,plastemart
2026-03-25,HDPE,RIL,151.72,7725,producer_direct,RIL_PE_2026-03-25.xlsx,plastemart
2026-03-25,LDPE,RIL,164.92,6234,producer_direct,RIL_PE_2026-03-25.xlsx,plastemart
2026-03-25,LLDPE,HMEL,159.69,433,producer_direct,HMEL_LLDPE_2026-03-25.pdf,plastemart
2026-03-25,LLDPE,IOCL,155.99,744,producer_direct,IOCL_LLDPE_2026-03-25.pdf,plastemart
2026-03-25,LLDPE,RIL,159.79,9600,producer_direct,RIL_PE_2026-03-25.xlsx,plastemart
2026-03-25,PP,HMEL,155.01,660,producer_direct,HMEL_PP_2026-03-25.pdf,plastemart
2026-03-25,PP,IOCL,154.75,1054,producer_direct,IOCL_LLDPE_2026-03-25.pdf,plastemart
2026-03-25,PP,RIL,150.84,24830,producer_direct,RIL_PP_2026-03-25.xlsx,plastemart
2026-03-25,PVC,RIL,112.21,6975,producer_direct,RIL_PVC_2026-03-25.xlsx,plastemart
2026-04-01,HDPE,HMEL,162.31,484,producer_direct,HMEL_HDPE_2026-04-01.pdf,plastemart
2026-04-01,HDPE,IOCL,159.81,496,producer_direct,IOCL_LLDPE_2026-04-01.pdf,plastemart
2026-04-01,HDPE,OPAL,161.95,382,producer_direct,OPAL_HDPE_2026-04-01.pdf,plastemart
2026-04-01,HDPE,RIL,156.76,7725,producer_direct,RIL_PE_2026-04-01.xlsx,plastemart
2026-04-01,LDPE,RIL,169.45,6248,producer_direct,RIL_PE_2026-04-01.xlsx,plastemart
2026-04-01,LLDPE,HMEL,164.71,433,producer_direct,HMEL_LLDPE_2026-04-01.pdf,plastemart
2026-04-01,LLDPE,IOCL,160.7,744,producer_direct,IOCL_LLDPE_2026-04-01.pdf,plastemart
2026-04-01,LLDPE,OPAL,163.83,220,producer_direct,OPAL_HDPE_2026-04-01.pdf,plastemart
2026-04-01,LLDPE,RIL,164.93,9600,producer_direct,RIL_PE_2026-04-01.xlsx,plastemart
2026-04-01,PP,HMEL,159.21,660,producer_direct,HMEL_PP_2026-04-01.pdf,plastemart
2026-04-01,PP,IOCL,158.56,1052,producer_direct,IOCL_LLDPE_2026-04-01.pdf,plastemart
2026-04-01,PP,RIL,154.63,24844,producer_direct,RIL_PP_2026-04-01.xlsx,plastemart
2026-04-01,PVC,RIL,114.24,6975,producer_direct,RIL_PVC_2026-04-01.xlsx,plastemart
2026-04-04,HDPE,IOCL,160.81,496,producer_direct,IOCL_LLDPE_2026-04-04.pdf,plastemart
2026-04-04,LLDPE,IOCL,161.7,744,producer_direct,IOCL_LLDPE_2026-04-04.pdf,plastemart
2026-04-04,PP,IOCL,159.9,1054,producer_direct,IOCL_LLDPE_2026-04-04.pdf,plastemart
2026-04-05,HDPE,OPAL,162.94,382,producer_direct,OPAL_HDPE_2026-04-05.pdf,plastemart
2026-04-05,LLDPE,OPAL,164.83,220,producer_direct,OPAL_HDPE_2026-04-05.pdf,plastemart
2026-04-06,PVC,RIL,104.58,6975,producer_direct,RIL_PVC_2026-04-06.xlsx,plastemart
2026-04-07,HDPE,RIL,157.74,7725,producer_direct,RIL_PE_2026-04-07.xlsx,plastemart
2026-04-07,LDPE,RIL,170.34,6250,producer_direct,RIL_PE_2026-04-07.xlsx,plastemart
2026-04-07,LLDPE,RIL,165.93,9600,producer_direct,RIL_PE_2026-04-07.xlsx,plastemart
2026-04-07,PP,RIL,155.6,24846,producer_direct,RIL_PP_2026-04-07.xlsx,plastemart
2026-04-09,PVC,RIL,99.75,6975,producer_direct,RIL_PVC_2026-04-09.xlsx,plastemart
2026-04-16,HDPE,IOCL,156.7,496,producer_direct,IOCL_LLDPE_2026-04-16.pdf,plastemart
2026-04-16,HDPE,OPAL,157.44,381,producer_direct,OPAL_HDPE_2026-04-16.pdf,plastemart
2026-04-16,HDPE,RIL,153.08,7725,producer_direct,RIL_PE_2026-04-16.xlsx,plastemart
2026-04-16,LDPE,RIL,166.56,6242,producer_direct,RIL_PE_2026-04-16.xlsx,plastemart
2026-04-16,LLDPE,IOCL,153.91,744,producer_direct,IOCL_LLDPE_2026-04-16.pdf,plastemart
2026-04-16,LLDPE,OPAL,158.11,221,producer_direct,OPAL_HDPE_2026-04-16.pdf,plastemart
2026-04-16,LLDPE,RIL,156.93,9600,producer_direct,RIL_PE_2026-04-16.xlsx,plastemart
2026-04-16,PP,IOCL,149.9,1054,producer_direct,IOCL_LLDPE_2026-04-16.pdf,plastemart
2026-04-16,PP,RIL,145.9,24810,producer_direct,RIL_PP_2026-04-16.xlsx,plastemart
2026-04-16,PVC,RIL,90.83,6892,producer_direct,RIL_PVC_2026-04-16.xlsx,plastemart
2026-04-21,HDPE,IOCL,154.45,496,producer_direct,IOCL_LLDPE_2026-04-21.pdf,plastemart
2026-04-21,HDPE,OPAL,154.83,382,producer_direct,OPAL_HDPE_2026-04-21.pdf,plastemart
2026-04-21,HDPE,RIL,148.27,7714,producer_direct,RIL_PE_2026-04-21.xlsx,plastemart
2026-04-21,LDPE,RIL,160.78,6236,producer_direct,RIL_PE_2026-04-21.xlsx,plastemart
2026-04-21,LLDPE,IOCL,149.49,744,producer_direct,IOCL_LLDPE_2026-04-21.pdf,plastemart
2026-04-21,LLDPE,OPAL,151.01,220,producer_direct,OPAL_HDPE_2026-04-21.pdf,plastemart
2026-04-21,LLDPE,RIL,150.28,9600,producer_direct,RIL_PE_2026-04-21.xlsx,plastemart
2026-04-21,PP,IOCL,144.9,1054,producer_direct,IOCL_LLDPE_2026-04-21.pdf,plastemart
2026-04-21,PP,RIL,140.02,24792,producer_direct,RIL_PP_2026-04-21.xlsx,plastemart
2026-04-21,PVC,RIL,85.01,6770,producer_direct,RIL_PVC_2026-04-21.xlsx,plastemart
2026-04-23,HDPE,IOCL,153.96,496,producer_direct,IOCL_LLDPE_2026-04-23.pdf,plastemart
2026-04-23,LLDPE,IOCL,149.24,744,producer_direct,IOCL_LLDPE_2026-04-23.pdf,plastemart
2026-04-23,PP,IOCL,144.9,1054,producer_direct,IOCL_LLDPE_2026-04-23.pdf,plastemart
2026-05-01,HDPE,HMEL,150.09,6446,producer_direct,HMEL_HDPE_2026-05-01.pdf,plastemart
2026-05-01,HDPE,IOCL,150.74,496,producer_direct,IOCL_LLDPE_2026-05-01.pdf,plastemart
2026-05-01,HDPE,OPAL,152.21,382,producer_direct,OPAL_HDPE_2026-05-01.pdf,plastemart
2026-05-01,HDPE,RIL,146.13,7684,producer_direct,RIL_PE_2026-05-01.xlsx,plastemart
2026-05-01,LDPE,RIL,154.5,6232,producer_direct,RIL_PE_2026-05-01.xlsx,plastemart
2026-05-01,LLDPE,HMEL,150.09,6446,producer_direct,HMEL_LLDPE_2026-05-01.pdf,plastemart
2026-05-01,LLDPE,IOCL,143.24,744,producer_direct,IOCL_LLDPE_2026-05-01.pdf,plastemart
2026-05-01,LLDPE,OPAL,145.29,220,producer_direct,OPAL_HDPE_2026-05-01.pdf,plastemart
2026-05-01,LLDPE,RIL,144.11,9600,producer_direct,RIL_PE_2026-05-01.xlsx,plastemart
2026-05-01,PP,HMEL,137.02,3831,producer_direct,HMEL_PP_2026-05-01.pdf,plastemart
2026-05-01,PP,IOCL,138.43,1054,producer_direct,IOCL_LLDPE_2026-05-01.pdf,plastemart
2026-05-01,PP,RIL,134.09,24761,producer_direct,RIL_PP_2026-05-01.xlsx,plastemart
2026-05-08,HDPE,IOCL,151.37,496,producer_direct,IOCL_LLDPE_2026-05-08.pdf,plastemart
2026-05-08,HDPE,OPAL,152.09,381,producer_direct,OPAL_HDPE_2026-05-08.pdf,plastemart
2026-05-08,HDPE,RIL,146.71,7692,producer_direct,RIL_PE_2026-05-08.xlsx,plastemart
2026-05-08,LDPE,RIL,154.76,6232,producer_direct,RIL_PE_2026-05-08.xlsx,plastemart
2026-05-08,LLDPE,IOCL,144.15,744,producer_direct,IOCL_LLDPE_2026-05-08.pdf,plastemart
2026-05-08,LLDPE,OPAL,147.43,221,producer_direct,OPAL_HDPE_2026-05-08.pdf,plastemart
2026-05-08,LLDPE,RIL,145.0,9600,producer_direct,RIL_PE_2026-05-08.xlsx,plastemart
2026-05-08,PP,IOCL,139.37,1054,producer_direct,IOCL_LLDPE_2026-05-08.pdf,plastemart
2026-05-08,PP,RIL,135.06,24767,producer_direct,RIL_PP_2026-05-08.xlsx,plastemart
2026-05-17,HDPE,IOCL,152.36,496,producer_direct,IOCL_LLDPE_2026-05-17.pdf,plastemart
2026-05-17,HDPE,RIL,147.48,7706,producer_direct,RIL_PE_2026-05-17.xlsx,plastemart
2026-05-17,LDPE,RIL,155.44,6232,producer_direct,RIL_PE_2026-05-17.xlsx,plastemart
2026-05-17,LLDPE,IOCL,145.15,744,producer_direct,IOCL_LLDPE_2026-05-17.pdf,plastemart
2026-05-17,LLDPE,RIL,145.99,9600,producer_direct,RIL_PE_2026-05-17.xlsx,plastemart
2026-05-17,PP,IOCL,140.37,1054,producer_direct,IOCL_LLDPE_2026-05-17.pdf,plastemart
2026-05-17,PP,RIL,136.02,24773,producer_direct,RIL_PP_2026-05-17.xlsx,plastemart
2026-06-01,HDPE,HMEL,151.11,6446,producer_direct,HMEL_HDPE_2026-06-01.pdf,plastemart
2026-06-01,HDPE,IOCL,153.68,496,producer_direct,IOCL_LLDPE_2026-06-01.pdf,plastemart
2026-06-01,HDPE,OPAL,154.22,381,producer_direct,OPAL_HDPE_2026-06-01.pdf,plastemart
2026-06-01,HDPE,RIL,148.46,7790,producer_direct,RIL_PE_2026-06-01.xlsx,plastemart
2026-06-01,LDPE,RIL,156.21,6232,producer_direct,RIL_PE_2026-06-01.xlsx,plastemart
2026-06-01,LLDPE,HMEL,151.11,6446,producer_direct,HMEL_LLDPE_2026-06-01.pdf,plastemart
2026-06-01,LLDPE,IOCL,146.61,744,producer_direct,IOCL_LLDPE_2026-06-01.pdf,plastemart
2026-06-01,LLDPE,OPAL,149.56,221,producer_direct,OPAL_HDPE_2026-06-01.pdf,plastemart
2026-06-01,LLDPE,RIL,147.04,9600,producer_direct,RIL_PE_2026-06-01.xlsx,plastemart
2026-06-01,PP,HMEL,142.02,3831,producer_direct,HMEL_PP_2026-06-01.pdf,plastemart
2026-06-01,PP,IOCL,143.43,1054,producer_direct,IOCL_LLDPE_2026-06-01.pdf,plastemart
2026-06-01,PP,RIL,138.98,24784,producer_direct,RIL_PP_2026-06-01.xlsx,plastemart
2026-06-01,PVC,RIL,89.34,7054,producer_direct,RIL_PVC_2026-06-01.xlsx,plastemart
2026-06-06,HDPE,IOCL,153.68,496,producer_direct,IOCL_LLDPE_2026-06-06.pdf,plastemart
2026-06-06,LLDPE,IOCL,147.11,744,producer_direct,IOCL_LLDPE_2026-06-06.pdf,plastemart
2026-06-06,PP,IOCL,145.02,1054,producer_direct,IOCL_LLDPE_2026-06-06.pdf,plastemart
2026-06-06,PP,RIL,141.23,24800,producer_direct,RIL_PP_2026-06-06.xlsx,plastemart
2026-06-10,HDPE,IOCL,154.66,495,producer_direct,IOCL_LLDPE_2026-06-10.pdf,plastemart
2026-06-10,HDPE,RIL,149.4,7792,producer_direct,RIL_PE_2026-06-10.xlsx,plastemart
2026-06-10,LDPE,RIL,158.49,6234,producer_direct,RIL_PE_2026-06-10.xlsx,plastemart
2026-06-10,LLDPE,IOCL,147.95,744,producer_direct,IOCL_LLDPE_2026-06-10.pdf,plastemart
2026-06-10,LLDPE,RIL,148.04,9600,producer_direct,RIL_PE_2026-06-10.xlsx,plastemart
2026-06-10,PP,IOCL,145.02,1054,producer_direct,IOCL_LLDPE_2026-06-10.pdf,plastemart
2026-06-13,HDPE,IOCL,154.68,496,producer_direct,IOCL_LLDPE_2026-06-13.pdf,plastemart
2026-06-13,LLDPE,IOCL,148.28,744,producer_direct,IOCL_LLDPE_2026-06-13.pdf,plastemart
2026-06-13,PP,IOCL,147.37,1054,producer_direct,IOCL_LLDPE_2026-06-13.pdf,plastemart
2026-06-13,PP,RIL,143.51,24807,producer_direct,RIL_PP_2026-06-13.xlsx,plastemart
2026-06-22,HDPE,IOCL,154.68,496,producer_direct,IOCL_LLDPE_2026-06-22.pdf,plastemart
2026-06-22,LLDPE,IOCL,148.45,744,producer_direct,IOCL_LLDPE_2026-06-22.pdf,plastemart
2026-06-22,PP,IOCL,148.37,1054,producer_direct,IOCL_LLDPE_2026-06-22.pdf,plastemart
2026-06-22,PP,RIL,144.49,24810,producer_direct,RIL_PP_2026-06-22.xlsx,plastemart
2026-06-25,PVC,RIL,85.9,6993,producer_direct,RIL_PVC_2026-06-25.xlsx,plastemart
2026-07-02,HDPE,HMEL,148.53,721,producer_direct,HMEL_LLDPE_2026-07-02.pdf,plastemart
2026-07-02,HDPE,IOCL,144.65,496,producer_direct,IOCL_LLDPE_2026-07-02.pdf,plastemart
2026-07-02,HDPE,OPAL,145.9,382,producer_direct,OPAL_HDPE_2026-07-02.pdf,plastemart
2026-07-02,HDPE,RIL,140.55,7729,producer_direct,RIL_PE_2026-07-02.xlsx,plastemart
2026-07-02,LDPE,RIL,155.5,6232,producer_direct,RIL_PE_2026-07-02.xlsx,plastemart
2026-07-02,LLDPE,HMEL,146.84,841,producer_direct,HMEL_LLDPE_2026-07-02.pdf,plastemart
2026-07-02,LLDPE,IOCL,138.02,744,producer_direct,IOCL_LLDPE_2026-07-02.pdf,plastemart
2026-07-02,LLDPE,OPAL,139.42,220,producer_direct,OPAL_HDPE_2026-07-02.pdf,plastemart
2026-07-02,LLDPE,RIL,138.08,9600,producer_direct,RIL_PE_2026-07-02.xlsx,plastemart
2026-07-02,PP,HMEL,139.12,765,producer_direct,HMEL_LLDPE_2026-07-02.pdf,plastemart
2026-07-02,PP,IOCL,135.86,1054,producer_direct,IOCL_LLDPE_2026-07-02.pdf,plastemart
2026-07-02,PP,RIL,132.35,24759,producer_direct,RIL_PP_2026-07-02.xlsx,plastemart
2026-07-02,PVC,RIL,83.04,6983,producer_direct,RIL_PVC_2026-07-02.xlsx,plastemart
2026-07-09,HDPE,HMEL,139.21,736,producer_direct,HMEL_LLDPE_2026-07-09.pdf,plastemart
2026-07-09,HDPE,IOCL,135.67,496,producer_direct,IOCL_LLDPE_2026-07-09.pdf,plastemart
2026-07-09,HDPE,OPAL,136.26,381,producer_direct,OPAL_HDPE_2026-07-09.pdf,plastemart
2026-07-09,HDPE,RIL,132.55,7667,producer_direct,RIL_PE_2026-07-09.xlsx,plastemart
2026-07-09,LDPE,RIL,150.9,6228,producer_direct,RIL_PE_2026-07-09.xlsx,plastemart
2026-07-09,LLDPE,HMEL,141.47,1041,producer_direct,HMEL_LLDPE_2026-07-09.pdf,plastemart
2026-07-09,LLDPE,IOCL,130.52,744,producer_direct,IOCL_LLDPE_2026-07-09.pdf,plastemart
2026-07-09,LLDPE,OPAL,131.64,221,producer_direct,OPAL_HDPE_2026-07-09.pdf,plastemart
2026-07-09,LLDPE,RIL,129.13,9600,producer_direct,RIL_PE_2026-07-09.xlsx,plastemart
2026-07-09,PP,HMEL,139.11,766,producer_direct,HMEL_LLDPE_2026-07-09.pdf,plastemart
2026-07-09,PP,IOCL,135.86,1054,producer_direct,IOCL_LLDPE_2026-07-09.pdf,plastemart
2026-07-17,HDPE,HMEL,135.89,795,producer_direct,HMEL_LLDPE_2026-07-17.pdf,plastemart
2026-07-17,HDPE,RIL,128.83,7660,producer_direct,RIL_PE_2026-07-17.xlsx,plastemart
2026-07-17,LDPE,RIL,147.3,6228,producer_direct,RIL_PE_2026-07-17.xlsx,plastemart
2026-07-17,LLDPE,HMEL,141.47,1040,producer_direct,HMEL_LLDPE_2026-07-17.pdf,plastemart
2026-07-17,LLDPE,RIL,129.09,9600,producer_direct,RIL_PE_2026-07-17.xlsx,plastemart
2026-07-17,PP,HMEL,139.11,766,producer_direct,HMEL_LLDPE_2026-07-17.pdf,plastemart
2026-07-17,PP,RIL,132.35,24759,producer_direct,RIL_PP_2026-07-17.xlsx,plastemart
2026-07-17,PVC,RIL,86.3,6994,producer_direct,RIL_PVC_2026-07-17.xlsx,plastemart
2026-07-20,EVA,DOW,142.0,1,open_market,,credco
2026-07-20,EVA,EXXON,163.5,1,open_market,,credco
2026-07-20,EVA,FORMOSA,137.0,1,open_market,,credco
2026-07-20,EVA,HANWHA,132.0,7,open_market,,credco
2026-07-20,EVA,LG,170.0,1,open_market,,credco
2026-07-20,EVA,LOTTE,149.5,2,open_market,,credco
2026-07-20,EVA,OTHER,124.0,10,open_market,,credco
2026-07-20,EVA,SABIC,123.0,1,open_market,,credco
2026-07-20,EVA,SIPCHEM,146.5,2,open_market,,credco
2026-07-20,HDPE,BOROUGE,94.5,1,open_market,,credco
2026-07-20,HDPE,DOW,95.0,3,open_market,,credco
2026-07-20,HDPE,FORMOSA,91.0,1,open_market,,credco
2026-07-20,HDPE,GAIL,133.0,13,open_market,,credco
2026-07-20,HDPE,HALDIA,131.0,13,open_market,,credco
2026-07-20,HDPE,HMEL,126.0,17,open_market,,credco
2026-07-20,HDPE,IOCL,132.0,15,open_market,,credco
2026-07-20,HDPE,OPAL,136.5,8,open_market,,credco
2026-07-20,HDPE,OTHER,92.5,45,open_market,,credco
2026-07-20,HDPE,RIL,128.0,12,open_market,,credco
2026-07-20,HDPE,SABIC,96.0,3,open_market,,credco
2026-07-20,HDPE,SUMITOMO,145.0,1,open_market,,credco
2026-07-20,HDPE,TITAN,92.5,3,open_market,,credco
2026-07-20,LDPE,BASELL,117.0,5,open_market,,credco
2026-07-20,LDPE,BOROUGE,143.5,2,open_market,,credco
2026-07-20,LDPE,DOW,123.0,3,open_market,,credco
2026-07-20,LDPE,EXXON,125.5,1,open_market,,credco
2026-07-20,LDPE,HANWHA,136.0,2,open_market,,credco
2026-07-20,LDPE,LOTTE,180.0,1,open_market,,credco
2026-07-20,LDPE,OTHER,99.25,32,open_market,,credco
2026-07-20,LDPE,RIL,158.0,11,open_market,,credco
2026-07-20,LDPE,SABIC,160.0,5,open_market,,credco
2026-07-20,LDPE,SUMITOMO,162.0,1,open_market,,credco
2026-07-20,LDPE,TITAN,160.0,1,open_market,,credco
2026-07-20,LDPE,TOTAL,113.25,2,open_market,,credco
2026-07-20,LLDPE,BCPL,123.0,4,open_market,,credco
2026-07-20,LLDPE,BOROUGE,120.0,1,open_market,,credco
2026-07-20,LLDPE,DOW,116.12,2,open_market,,credco
2026-07-20,LLDPE,EXXON,150.0,9,open_market,,credco
2026-07-20,LLDPE,FORMOSA,97.01,1,open_market,,credco
2026-07-20,LLDPE,GAIL,131.5,13,open_market,,credco
2026-07-20,LLDPE,HALDIA,127.5,6,open_market,,credco
2026-07-20,LLDPE,HMEL,129.0,13,open_market,,credco
2026-07-20,LLDPE,IOCL,124.5,8,open_market,,credco
2026-07-20,LLDPE,OPAL,126.0,7,open_market,,credco
2026-07-20,LLDPE,OTHER,102.0,21,open_market,,credco
2026-07-20,LLDPE,RIL,125.0,13,open_market,,credco
2026-07-20,LLDPE,SABIC,119.1,2,open_market,,credco
2026-07-20,LLDPE,TOTAL,102.0,1,open_market,,credco
2026-07-20,PP,BASELL,100.25,6,open_market,,credco
2026-07-20,PP,BCPL,130.12,4,open_market,,credco
2026-07-20,PP,BOROUGE,104.5,11,open_market,,credco
2026-07-20,PP,EXXON,130.0,2,open_market,,credco
2026-07-20,PP,HALDIA,130.0,14,open_market,,credco
2026-07-20,PP,HMEL,134.0,19,open_market,,credco
2026-07-20,PP,IOCL,135.25,20,open_market,,credco
2026-07-20,PP,MRPL,96.0,4,open_market,,credco
2026-07-20,PP,OPAL,132.5,4,open_market,,credco
2026-07-20,PP,OTHER,98.0,29,open_market,,credco
2026-07-20,PP,RIL,141.0,17,open_market,,credco
2026-07-20,PP,SABIC,132.0,1,open_market,,credco
2026-07-20,PP,SCG,132.0,3,open_market,,credco
2026-07-20,PP,SIPCHEM,136.5,1,open_market,,credco
2026-07-20,PP,SUMITOMO,127.5,1,open_market,,credco
2026-07-20,PVC,FORMOSA,79.25,2,open_market,,credco
2026-07-20,PVC,HANWHA,74.0,3,open_market,,credco
2026-07-20,PVC,LG,84.5,4,open_market,,credco
2026-07-20,PVC,OTHER,77.5,32,open_market,,credco
2026-07-20,PVC,RIL,78.75,2,open_market,,credco
